image,label
4.jpg,1
5.jpg,1
7.jpg,1
21.jpg,1
24.jpg,0
32.jpg,0
33.jpg,1
39.jpg,0
42.jpg,0
46.jpg,1
48.jpg,0
49.jpg,1
62.jpg,0
65.jpg,1
67.jpg,0
72.jpg,1
73.jpg,1
82.jpg,1
91.jpg,1
94.jpg,1
95.jpg,0
98.jpg,1
102.jpg,1
108.jpg,0
109.jpg,1
111.jpg,0
121.jpg,1
122.jpg,1
126.jpg,0
127.jpg,0
130.jpg,1
133.jpg,1
134.jpg,0
135.jpg,0
137.jpg,0
139.jpg,1
143.jpg,1
152.jpg,0
153.jpg,0
159.jpg,0
168.jpg,0
173.jpg,0
175.jpg,0
188.jpg,1
204.jpg,1
210.jpg,1
216.jpg,1
228.jpg,1
234.jpg,0
235.jpg,1
238.jpg,1
239.jpg,0
243.jpg,1
257.jpg,1
264.jpg,1
274.jpg,0
285.jpg,1
291.jpg,1
297.jpg,1
298.jpg,0
299.jpg,1
304.jpg,1
310.jpg,0
316.jpg,1
317.jpg,1
320.jpg,1
321.jpg,0
324.jpg,1
326.jpg,0
332.jpg,1
335.jpg,0
336.jpg,1
338.jpg,0
350.jpg,0
353.jpg,1
360.jpg,1
368.jpg,1
379.jpg,0
385.jpg,1
387.jpg,1
394.jpg,1
398.jpg,1
402.jpg,1
418.jpg,0
426.jpg,1
432.jpg,0
433.jpg,1
435.jpg,0
440.jpg,1
454.jpg,0
455.jpg,1
457.jpg,1
458.jpg,1
466.jpg,1
469.jpg,1
473.jpg,1
475.jpg,1
477.jpg,0
480.jpg,1
481.jpg,1
485.jpg,1
490.jpg,0
494.jpg,1
505.jpg,1
515.jpg,1
520.jpg,1
523.jpg,1
526.jpg,1
532.jpg,1
533.jpg,1
537.jpg,1
544.jpg,1
545.jpg,1
546.jpg,1
554.jpg,0
555.jpg,0
559.jpg,1
566.jpg,0
576.jpg,0
596.jpg,1
602.jpg,1
613.jpg,0
620.jpg,1
631.jpg,1
633.jpg,1
634.jpg,0
642.jpg,1
648.jpg,0
657.jpg,0
658.jpg,0
660.jpg,1
664.jpg,1
665.jpg,1
670.jpg,0
673.jpg,1
689.jpg,0
696.jpg,0
707.jpg,1
715.jpg,1
719.jpg,0
727.jpg,1
731.jpg,1
736.jpg,0
742.jpg,1
744.jpg,1
748.jpg,0
749.jpg,0
754.jpg,1
763.jpg,1
767.jpg,0
768.jpg,0
769.jpg,1
770.jpg,0
785.jpg,1
786.jpg,1
792.jpg,1
799.jpg,1
801.jpg,0
802.jpg,0
808.jpg,1
811.jpg,1
824.jpg,0
825.jpg,0
827.jpg,1
829.jpg,1
840.jpg,0
842.jpg,1
851.jpg,1
853.jpg,1
854.jpg,1
860.jpg,1
873.jpg,1
875.jpg,1
881.jpg,0
884.jpg,1
889.jpg,1
890.jpg,1
896.jpg,1
897.jpg,1
899.jpg,0
